timestamp,simple-path,time
2021-09-10 03:49:56.38,/master/welcome,318
2021-09-10 03:49:56.622,/master/welcome,229
2021-09-10 03:49:57.249,/master/sign-in,544
2021-09-10 03:49:58.19,/master/welcome,534
2021-09-10 03:49:59.694,/master/welcome,353
2021-09-10 03:50:00.279,/master/welcome,539
2021-09-10 03:50:00.618,/master/welcome,264
2021-09-10 03:50:00.867,/master/welcome,225
2021-09-10 03:50:01.432,/master/sign-in,526
2021-09-10 03:50:02.338,/master/welcome,532
2021-09-10 03:50:03.488,/administrator/dashboard/show,1054
2021-09-10 03:50:04.133,/master/welcome,316
2021-09-10 03:50:04.724,/master/welcome,553
2021-09-10 03:50:05.004,/master/welcome,241
2021-09-10 03:50:05.246,/master/welcome,225
2021-09-10 03:50:05.824,/master/sign-in,539
2021-09-10 03:50:06.732,/master/welcome,535
2021-09-10 03:50:07.046,/administrator/dashboard/show,288
2021-09-10 03:50:07.294,/master/welcome,230
2021-09-10 03:50:07.863,/master/welcome,532
2021-09-10 03:50:08.182,/master/welcome,291
2021-09-10 03:50:08.438,/master/welcome,246
2021-09-10 03:50:09.005,/master/sign-in,528
2021-09-10 03:50:09.917,/master/welcome,539
2021-09-10 03:50:10.185,/administrator/dashboard/show,246
2021-09-10 03:50:10.432,/master/welcome,230
2021-09-10 03:50:11.008,/master/welcome,538
2021-09-10 03:50:14.045,/master/welcome,352
2021-09-10 03:50:14.321,/master/welcome,268
2021-09-10 03:50:14.901,/master/sign-in,538
2021-09-10 03:50:15.828,/master/welcome,542
2021-09-10 03:50:17.313,/master/welcome,349
2021-09-10 03:50:17.885,/master/welcome,530
2021-09-10 03:50:18.155,/master/welcome,240
2021-09-10 03:50:18.393,/master/welcome,224
2021-09-10 03:50:18.974,/master/sign-in,544
2021-09-10 03:50:19.914,/master/welcome,557
2021-09-10 03:50:20.589,/authenticated/task/list,583
2021-09-10 03:50:21.191,/authenticated/task/show,534
2021-09-10 03:50:21.681,/master/welcome,237
2021-09-10 03:50:21.918,/master/welcome,226
2021-09-10 03:50:22.483,/master/sign-in,528
2021-09-10 03:50:23.384,/master/welcome,526
2021-09-10 03:50:24.0,/authenticated/task/list,536
2021-09-10 03:50:24.599,/authenticated/task/show,534
2021-09-10 03:50:24.982,/master/welcome,236
2021-09-10 03:50:25.232,/master/welcome,237
2021-09-10 03:50:25.817,/master/sign-in,530
2021-09-10 03:50:26.727,/master/welcome,530
2021-09-10 03:50:27.389,/authenticated/task/list,576
2021-09-10 03:50:27.995,/authenticated/task/show,543
2021-09-10 03:50:28.401,/master/welcome,259
2021-09-10 03:50:28.636,/master/welcome,226
2021-09-10 03:50:29.203,/master/sign-in,527
2021-09-10 03:50:30.121,/master/welcome,540
2021-09-10 03:50:30.779,/authenticated/task/list,575
2021-09-10 03:50:31.363,/authenticated/task/show,523
2021-09-10 03:50:31.764,/master/welcome,242
2021-09-10 03:50:31.998,/master/welcome,218
2021-09-10 03:50:32.566,/master/sign-in,533
2021-09-10 03:50:33.452,/master/welcome,526
2021-09-10 03:50:34.061,/authenticated/task/list,528
2021-09-10 03:50:34.704,/authenticated/task/show,550
2021-09-10 03:50:35.087,/master/welcome,227
2021-09-10 03:50:35.371,/authenticated/task/show,272
2021-09-10 03:50:35.628,/master/welcome,232
2021-09-10 03:50:35.89,/authenticated/task/show,253
2021-09-10 03:50:36.151,/master/welcome,241
2021-09-10 03:50:36.415,/authenticated/task/show,249
2021-09-10 03:50:36.665,/master/welcome,228
2021-09-10 03:50:36.939,/authenticated/task/show,266
2021-09-10 03:50:37.19,/master/welcome,231
2021-09-10 03:50:37.479,/authenticated/task/show,274
2021-09-10 03:50:37.745,/master/welcome,246
2021-09-10 03:50:38.018,/authenticated/task/show,265
2021-09-10 03:50:38.281,/master/welcome,237
2021-09-10 03:50:38.572,/authenticated/task/show,269
2021-09-10 03:50:38.884,/master/welcome,260
2021-09-10 03:50:39.231,/authenticated/task/show,305
2021-09-10 03:50:39.569,/master/welcome,274
2021-09-10 03:50:39.862,/authenticated/task/show,279
2021-09-10 03:50:40.137,/master/welcome,256
2021-09-10 03:50:40.417,/authenticated/task/show,269
2021-09-10 03:50:40.688,/master/welcome,253
2021-09-10 03:50:40.964,/authenticated/task/show,261
2021-09-10 03:50:44.047,/master/welcome,317
2021-09-10 03:50:44.302,/master/welcome,244
2021-09-10 03:50:44.877,/master/sign-in,533
2021-09-10 03:50:45.776,/master/welcome,536
2021-09-10 03:50:47.27,/master/welcome,355
2021-09-10 03:50:47.843,/master/welcome,529
2021-09-10 03:50:48.104,/master/welcome,238
2021-09-10 03:50:48.345,/master/welcome,226
2021-09-10 03:50:48.911,/master/sign-in,534
2021-09-10 03:50:49.811,/master/welcome,544
2021-09-10 03:50:50.487,/authenticated/task/list,583
2021-09-10 03:50:52.632,/master/welcome,245
2021-09-10 03:50:52.863,/master/welcome,220
2021-09-10 03:50:53.437,/master/sign-in,538
2021-09-10 03:50:54.317,/master/welcome,524
2021-09-10 03:50:54.918,/authenticated/task/list,529
2021-09-10 03:50:57.07,/master/welcome,238
2021-09-10 03:50:57.306,/master/welcome,225
2021-09-10 03:50:57.882,/master/sign-in,537
2021-09-10 03:50:58.781,/master/welcome,539
2021-09-10 03:50:59.384,/authenticated/task/list,532
2021-09-10 03:51:01.502,/master/welcome,251
2021-09-10 03:51:01.746,/master/welcome,231
2021-09-10 03:51:02.312,/master/sign-in,532
2021-09-10 03:51:03.21,/master/welcome,539
2021-09-10 03:51:03.84,/authenticated/task/list,547
2021-09-10 03:51:05.882,/master/welcome,229
2021-09-10 03:51:06.123,/master/welcome,232
2021-09-10 03:51:06.689,/master/sign-in,529
2021-09-10 03:51:07.592,/master/welcome,540
2021-09-10 03:51:08.216,/authenticated/task/list,548
2021-09-10 03:51:12.984,/master/welcome,313
2021-09-10 03:51:13.234,/master/welcome,235
2021-09-10 03:51:13.8,/master/sign-in,531
2021-09-10 03:51:14.684,/master/welcome,528
2021-09-10 03:51:16.175,/master/welcome,361
2021-09-10 03:51:16.768,/master/welcome,550
2021-09-10 03:51:17.019,/master/welcome,224
2021-09-10 03:51:17.263,/master/welcome,228
2021-09-10 03:51:17.834,/master/sign-in,536
2021-09-10 03:51:18.749,/master/welcome,538
2021-09-10 03:51:19.366,/managers/task/create,533
2021-09-10 03:51:20.942,/master/welcome,1063
2021-09-10 03:51:21.551,/managers/task/list,552
2021-09-10 03:51:23.866,/managers/task/show,527
2021-09-10 03:51:24.28,/master/welcome,230
2021-09-10 03:51:24.53,/master/welcome,230
2021-09-10 03:51:25.111,/master/sign-in,535
2021-09-10 03:51:25.989,/master/welcome,533
2021-09-10 03:51:26.587,/managers/task/create,527
2021-09-10 03:51:27.612,/master/welcome,540
2021-09-10 03:51:28.202,/managers/task/list,537
2021-09-10 03:51:29.207,/managers/task/show,531
2021-09-10 03:51:29.622,/master/welcome,249
2021-09-10 03:51:29.863,/master/welcome,225
2021-09-10 03:51:30.435,/master/sign-in,533
2021-09-10 03:51:31.321,/master/welcome,532
2021-09-10 03:51:31.924,/managers/task/create,526
2021-09-10 03:51:33.027,/master/welcome,544
2021-09-10 03:51:33.7,/managers/task/list,589
2021-09-10 03:51:35.152,/managers/task/show,536
2021-09-10 03:51:35.555,/master/welcome,236
2021-09-10 03:51:35.795,/master/welcome,223
2021-09-10 03:51:36.36,/master/sign-in,527
2021-09-10 03:51:37.248,/master/welcome,542
2021-09-10 03:51:37.94,/managers/task/create,536
2021-09-10 03:51:39.018,/master/welcome,528
2021-09-10 03:51:39.65,/managers/task/list,567
2021-09-10 03:51:42.46,/managers/task/show,535
2021-09-10 03:51:42.857,/master/welcome,235
2021-09-10 03:51:43.096,/master/welcome,222
2021-09-10 03:51:43.665,/master/sign-in,533
2021-09-10 03:51:44.538,/master/welcome,531
2021-09-10 03:51:45.128,/managers/task/create,524
2021-09-10 03:51:46.429,/master/welcome,522
2021-09-10 03:51:47.068,/managers/task/list,580
2021-09-10 03:51:49.891,/managers/task/show,538
2021-09-10 03:51:50.282,/master/welcome,228
2021-09-10 03:51:50.53,/master/welcome,236
2021-09-10 03:51:51.09,/master/sign-in,529
2021-09-10 03:51:51.989,/master/welcome,535
2021-09-10 03:51:52.597,/managers/task/create,540
2021-09-10 03:51:53.606,/master/welcome,525
2021-09-10 03:51:54.328,/managers/task/list,617
2021-09-10 03:51:57.096,/managers/task/show,537
2021-09-10 03:51:57.488,/master/welcome,232
2021-09-10 03:51:57.718,/master/welcome,222
2021-09-10 03:51:58.338,/master/sign-in,588
2021-09-10 03:51:59.222,/master/welcome,526
2021-09-10 03:51:59.819,/managers/task/create,527
2021-09-10 03:52:00.829,/master/welcome,527
2021-09-10 03:52:01.499,/managers/task/list,608
2021-09-10 03:52:02.462,/managers/task/show,534
2021-09-10 03:52:02.957,/master/welcome,268
2021-09-10 03:52:03.19,/master/welcome,223
2021-09-10 03:52:03.758,/master/sign-in,531
2021-09-10 03:52:04.646,/master/welcome,539
2021-09-10 03:52:05.234,/managers/task/create,522
2021-09-10 03:52:06.258,/master/welcome,540
2021-09-10 03:52:06.92,/managers/task/list,600
2021-09-10 03:52:07.974,/managers/task/show,533
2021-09-10 03:52:08.358,/master/welcome,227
2021-09-10 03:52:08.589,/master/welcome,220
2021-09-10 03:52:09.159,/master/sign-in,531
2021-09-10 03:52:10.07,/master/welcome,537
2021-09-10 03:52:10.669,/managers/task/create,534
2021-09-10 03:52:12.355,/master/welcome,1157
2021-09-10 03:52:13.558,/managers/task/list,1034
2021-09-10 03:52:14.532,/managers/task/show,528
2021-09-10 03:52:14.957,/master/welcome,268
2021-09-10 03:52:15.188,/master/welcome,218
2021-09-10 03:52:15.763,/master/sign-in,531
2021-09-10 03:52:16.638,/master/welcome,527
2021-09-10 03:52:17.228,/managers/task/create,524
2021-09-10 03:52:18.255,/managers/task/create,525
2021-09-10 03:52:18.505,/master/welcome,230
2021-09-10 03:52:18.756,/master/welcome,238
2021-09-10 03:52:19.329,/master/sign-in,537
2021-09-10 03:52:20.271,/master/welcome,539
2021-09-10 03:52:20.868,/managers/task/create,529
2021-09-10 03:52:22.054,/managers/task/create,531
2021-09-10 03:52:22.3,/master/welcome,222
2021-09-10 03:52:22.536,/master/welcome,218
2021-09-10 03:52:23.104,/master/sign-in,533
2021-09-10 03:52:24.062,/master/welcome,542
2021-09-10 03:52:24.654,/managers/task/create,525
2021-09-10 03:52:25.45,/managers/task/create,535
2021-09-10 03:52:25.722,/master/welcome,248
2021-09-10 03:52:25.951,/master/welcome,215
2021-09-10 03:52:26.515,/master/sign-in,527
2021-09-10 03:52:27.385,/master/welcome,527
2021-09-10 03:52:27.987,/managers/task/create,533
2021-09-10 03:52:28.992,/managers/task/create,534
2021-09-10 03:52:29.251,/master/welcome,234
2021-09-10 03:52:29.489,/master/welcome,220
2021-09-10 03:52:30.056,/master/sign-in,532
2021-09-10 03:52:30.945,/master/welcome,540
2021-09-10 03:52:31.534,/managers/task/create,526
2021-09-10 03:52:32.56,/managers/task/create,537
2021-09-10 03:52:32.82,/master/welcome,241
2021-09-10 03:52:33.067,/master/welcome,233
2021-09-10 03:52:33.661,/master/sign-in,548
2021-09-10 03:52:34.56,/master/welcome,538
2021-09-10 03:52:35.149,/managers/task/create,527
2021-09-10 03:52:35.861,/managers/task/create,537
2021-09-10 03:52:36.105,/master/welcome,224
2021-09-10 03:52:36.332,/master/welcome,215
2021-09-10 03:52:36.901,/master/sign-in,532
2021-09-10 03:52:37.819,/master/welcome,536
2021-09-10 03:52:38.417,/managers/task/create,528
2021-09-10 03:52:39.216,/managers/task/create,534
2021-09-10 03:52:39.473,/master/welcome,238
2021-09-10 03:52:39.724,/master/welcome,244
2021-09-10 03:52:40.301,/master/sign-in,537
2021-09-10 03:52:41.175,/master/welcome,529
2021-09-10 03:52:41.811,/managers/task/create,540
2021-09-10 03:52:42.807,/managers/task/create,523
2021-09-10 03:52:43.056,/master/welcome,230
2021-09-10 03:52:43.286,/master/welcome,221
2021-09-10 03:52:43.846,/master/sign-in,524
2021-09-10 03:52:44.72,/master/welcome,530
2021-09-10 03:52:45.312,/managers/task/create,528
2021-09-10 03:52:46.387,/managers/task/create,525
2021-09-10 03:52:46.676,/master/welcome,264
2021-09-10 03:52:46.921,/master/welcome,228
2021-09-10 03:52:47.487,/master/sign-in,532
2021-09-10 03:52:48.371,/master/welcome,537
2021-09-10 03:52:48.96,/managers/task/create,528
2021-09-10 03:52:50.001,/managers/task/create,547
2021-09-10 03:52:50.286,/master/welcome,260
2021-09-10 03:52:50.523,/master/welcome,224
2021-09-10 03:52:51.096,/master/sign-in,534
2021-09-10 03:52:51.997,/master/welcome,546
2021-09-10 03:52:52.644,/managers/task/create,559
2021-09-10 03:52:53.663,/managers/task/create,540
2021-09-10 03:52:53.921,/master/welcome,239
2021-09-10 03:52:54.167,/master/welcome,219
2021-09-10 03:52:54.748,/master/sign-in,528
2021-09-10 03:52:55.618,/master/welcome,530
2021-09-10 03:52:56.212,/managers/task/create,529
2021-09-10 03:52:57.225,/managers/task/create,528
2021-09-10 03:52:57.475,/master/welcome,230
2021-09-10 03:52:57.709,/master/welcome,220
2021-09-10 03:52:58.29,/master/sign-in,539
2021-09-10 03:52:59.211,/master/welcome,536
2021-09-10 03:52:59.839,/managers/task/create,532
2021-09-10 03:53:00.891,/managers/task/create,555
2021-09-10 03:53:01.135,/master/welcome,219
2021-09-10 03:53:01.381,/master/welcome,235
2021-09-10 03:53:01.947,/master/sign-in,533
2021-09-10 03:53:02.822,/master/welcome,528
2021-09-10 03:53:03.487,/managers/task/create,535
2021-09-10 03:53:04.487,/managers/task/create,529
2021-09-10 03:53:04.726,/master/welcome,217
2021-09-10 03:53:04.958,/master/welcome,216
2021-09-10 03:53:05.541,/master/sign-in,538
2021-09-10 03:53:06.44,/master/welcome,531
2021-09-10 03:53:07.058,/managers/task/create,530
2021-09-10 03:53:08.143,/managers/task/create,538
2021-09-10 03:53:08.394,/master/welcome,233
2021-09-10 03:53:08.627,/master/welcome,221
2021-09-10 03:53:09.187,/master/sign-in,523
2021-09-10 03:53:10.083,/master/welcome,545
2021-09-10 03:53:10.674,/managers/task/create,529
2021-09-10 03:53:11.702,/managers/task/create,539
2021-09-10 03:53:14.591,/master/welcome,346
2021-09-10 03:53:14.84,/master/welcome,238
2021-09-10 03:53:15.419,/master/sign-in,539
2021-09-10 03:53:16.315,/master/welcome,541
2021-09-10 03:53:17.783,/master/welcome,341
2021-09-10 03:53:18.358,/master/welcome,537
2021-09-10 03:53:18.619,/master/welcome,234
2021-09-10 03:53:18.848,/master/welcome,217
2021-09-10 03:53:19.414,/master/sign-in,533
2021-09-10 03:53:20.28,/master/welcome,532
2021-09-10 03:53:20.968,/managers/task/list,537
2021-09-10 03:53:22.971,/master/welcome,241
2021-09-10 03:53:23.223,/master/welcome,243
2021-09-10 03:53:23.798,/master/sign-in,537
2021-09-10 03:53:24.71,/master/welcome,548
2021-09-10 03:53:25.352,/managers/task/list,549
2021-09-10 03:53:27.442,/master/welcome,242
2021-09-10 03:53:27.678,/master/welcome,224
2021-09-10 03:53:28.255,/master/sign-in,536
2021-09-10 03:53:29.185,/master/welcome,529
2021-09-10 03:53:29.8,/managers/task/list,545
2021-09-10 03:53:32.286,/master/welcome,240
2021-09-10 03:53:32.521,/master/welcome,227
2021-09-10 03:53:33.096,/master/sign-in,539
2021-09-10 03:53:33.998,/master/welcome,528
2021-09-10 03:53:34.697,/managers/task/list,619
2021-09-10 03:53:37.203,/master/welcome,220
2021-09-10 03:53:37.438,/master/welcome,227
2021-09-10 03:53:38.013,/master/sign-in,540
2021-09-10 03:53:38.881,/master/welcome,526
2021-09-10 03:53:39.541,/managers/task/list,544
2021-09-10 03:53:42.051,/master/welcome,279
2021-09-10 03:53:42.277,/master/welcome,219
2021-09-10 03:53:42.849,/master/sign-in,535
2021-09-10 03:53:43.763,/master/welcome,540
2021-09-10 03:53:44.383,/managers/task/list,547
2021-09-10 03:53:46.854,/master/welcome,272
2021-09-10 03:53:47.085,/master/welcome,218
2021-09-10 03:53:47.662,/master/sign-in,546
2021-09-10 03:53:48.58,/master/welcome,538
2021-09-10 03:53:49.185,/managers/task/list,536
2021-09-10 03:53:51.662,/master/welcome,262
2021-09-10 03:53:51.9,/master/welcome,223
2021-09-10 03:53:52.493,/master/sign-in,532
2021-09-10 03:53:53.367,/master/welcome,527
2021-09-10 03:53:53.994,/managers/task/list,558
2021-09-10 03:53:56.471,/master/welcome,249
2021-09-10 03:53:56.695,/master/welcome,215
2021-09-10 03:53:57.271,/master/sign-in,538
2021-09-10 03:53:58.196,/master/welcome,536
2021-09-10 03:53:58.804,/managers/task/list,538
2021-09-10 03:54:00.904,/master/welcome,235
2021-09-10 03:54:01.138,/master/welcome,226
2021-09-10 03:54:01.702,/master/sign-in,528
2021-09-10 03:54:02.58,/master/welcome,528
2021-09-10 03:54:03.244,/managers/task/list,557
2021-09-10 03:54:05.274,/master/welcome,237
2021-09-10 03:54:05.512,/master/welcome,225
2021-09-10 03:54:06.087,/master/sign-in,536
2021-09-10 03:54:06.962,/master/welcome,532
2021-09-10 03:54:07.606,/managers/task/list,535
2021-09-10 03:54:09.641,/master/welcome,235
2021-09-10 03:54:09.876,/master/welcome,228
2021-09-10 03:54:10.439,/master/sign-in,531
2021-09-10 03:54:11.323,/master/welcome,532
2021-09-10 03:54:11.967,/managers/task/list,551
2021-09-10 03:54:17.304,/master/welcome,357
2021-09-10 03:54:17.556,/master/welcome,236
2021-09-10 03:54:18.124,/master/sign-in,536
2021-09-10 03:54:19.014,/master/welcome,536
2021-09-10 03:54:20.592,/master/welcome,453
2021-09-10 03:54:21.169,/master/welcome,538
2021-09-10 03:54:21.483,/master/welcome,288
2021-09-10 03:54:21.745,/master/welcome,253
2021-09-10 03:54:22.306,/master/sign-in,527
2021-09-10 03:54:23.189,/master/welcome,535
2021-09-10 03:54:23.736,/managers/task/show,518
2021-09-10 03:54:24.281,/master/welcome,531
2021-09-10 03:54:24.626,/managers/task/show,336
2021-09-10 03:54:24.903,/master/welcome,256
2021-09-10 03:54:25.504,/master/welcome,530
2021-09-10 03:54:25.788,/master/welcome,254
2021-09-10 03:54:26.018,/master/welcome,219
2021-09-10 03:54:26.594,/master/sign-in,538
2021-09-10 03:54:27.473,/master/welcome,537
2021-09-10 03:54:27.861,/managers/task/show,368
2021-09-10 03:54:28.406,/master/welcome,528
2021-09-10 03:54:28.694,/managers/task/show,274
2021-09-10 03:54:28.962,/master/welcome,242
2021-09-10 03:54:29.59,/master/welcome,548
2021-09-10 03:54:29.854,/master/welcome,240
2021-09-10 03:54:30.089,/master/welcome,227
2021-09-10 03:54:30.652,/master/sign-in,530
2021-09-10 03:54:31.52,/master/welcome,530
2021-09-10 03:54:31.912,/managers/task/show,371
2021-09-10 03:54:32.459,/master/welcome,530
2021-09-10 03:54:32.753,/managers/task/show,282
2021-09-10 03:54:33.012,/master/welcome,234
2021-09-10 03:54:33.619,/master/welcome,548
2021-09-10 03:54:33.944,/master/welcome,272
2021-09-10 03:54:34.185,/master/welcome,227
2021-09-10 03:54:34.76,/master/sign-in,540
2021-09-10 03:54:35.639,/master/welcome,523
2021-09-10 03:54:35.978,/managers/task/show,320
2021-09-10 03:54:36.269,/master/welcome,269
2021-09-10 03:54:36.845,/master/welcome,534
2021-09-10 03:54:37.121,/master/welcome,250
2021-09-10 03:54:37.384,/master/welcome,237
2021-09-10 03:54:37.983,/master/sign-in,541
2021-09-10 03:54:38.955,/master/welcome,524
2021-09-10 03:54:39.229,/managers/task/show,257
2021-09-10 03:54:39.492,/master/welcome,246
2021-09-10 03:54:40.055,/master/welcome,527
2021-09-10 03:54:40.342,/master/welcome,263
2021-09-10 03:54:40.578,/master/welcome,228
2021-09-10 03:54:41.142,/master/sign-in,527
2021-09-10 03:54:42.109,/master/welcome,591
2021-09-10 03:54:42.395,/managers/task/show,267
2021-09-10 03:54:42.643,/master/welcome,235
2021-09-10 03:54:43.216,/master/welcome,533
2021-09-10 03:54:43.493,/master/welcome,254
2021-09-10 03:54:43.745,/master/welcome,245
2021-09-10 03:54:44.318,/master/sign-in,536
2021-09-10 03:54:45.208,/master/welcome,523
2021-09-10 03:54:45.524,/managers/task/show,287
2021-09-10 03:54:45.789,/master/welcome,249
2021-09-10 03:54:46.428,/master/welcome,554
2021-09-10 03:54:52.678,/master/welcome,427
2021-09-10 03:54:53.039,/master/welcome,335
2021-09-10 03:54:53.638,/master/sign-in,542
2021-09-10 03:54:54.591,/master/welcome,545
2021-09-10 03:54:56.696,/master/welcome,378
2021-09-10 03:54:57.273,/master/welcome,538
2021-09-10 03:54:57.574,/master/welcome,270
2021-09-10 03:54:57.828,/master/welcome,245
2021-09-10 03:54:58.391,/master/sign-in,526
2021-09-10 03:54:59.788,/master/welcome,1057
2021-09-10 03:55:00.475,/managers/task/list,612
2021-09-10 03:55:01.08,/managers/task/show,543
2021-09-10 03:55:01.491,/master/welcome,243
2021-09-10 03:55:01.735,/master/welcome,230
2021-09-10 03:55:02.304,/master/sign-in,536
2021-09-10 03:55:03.192,/master/welcome,531
2021-09-10 03:55:03.81,/managers/task/list,551
2021-09-10 03:55:04.437,/managers/task/show,537
2021-09-10 03:55:04.851,/master/welcome,235
2021-09-10 03:55:05.077,/master/welcome,216
2021-09-10 03:55:05.646,/master/sign-in,531
2021-09-10 03:55:06.516,/master/welcome,524
2021-09-10 03:55:07.121,/managers/task/list,540
2021-09-10 03:55:07.697,/managers/task/show,525
2021-09-10 03:55:08.126,/master/welcome,269
2021-09-10 03:55:08.413,/master/welcome,279
2021-09-10 03:55:08.974,/master/sign-in,525
2021-09-10 03:55:09.844,/master/welcome,526
2021-09-10 03:55:10.443,/managers/task/list,536
2021-09-10 03:55:11.023,/managers/task/show,525
2021-09-10 03:55:11.428,/master/welcome,242
2021-09-10 03:55:11.67,/master/welcome,225
2021-09-10 03:55:12.24,/master/sign-in,535
2021-09-10 03:55:13.213,/master/welcome,527
2021-09-10 03:55:13.811,/managers/task/list,533
2021-09-10 03:55:14.4,/managers/task/show,533
2021-09-10 03:55:14.825,/master/welcome,259
2021-09-10 03:55:15.06,/master/welcome,228
2021-09-10 03:55:15.627,/master/sign-in,527
2021-09-10 03:55:16.508,/master/welcome,525
2021-09-10 03:55:17.188,/managers/task/list,552
2021-09-10 03:55:17.77,/managers/task/show,529
2021-09-10 03:55:18.16,/master/welcome,237
2021-09-10 03:55:18.391,/master/welcome,224
2021-09-10 03:55:18.953,/master/sign-in,529
2021-09-10 03:55:19.817,/master/welcome,531
2021-09-10 03:55:20.42,/managers/task/list,538
2021-09-10 03:55:21.002,/managers/task/show,529
2021-09-10 03:55:21.492,/master/welcome,235
2021-09-10 03:55:21.729,/master/welcome,228
2021-09-10 03:55:22.302,/master/sign-in,533
2021-09-10 03:55:23.175,/master/welcome,527
2021-09-10 03:55:23.797,/managers/task/list,549
2021-09-10 03:55:24.394,/managers/task/show,537
2021-09-10 03:55:24.78,/master/welcome,229
2021-09-10 03:55:25.031,/master/welcome,238
2021-09-10 03:55:25.605,/master/sign-in,522
2021-09-10 03:55:26.477,/master/welcome,524
2021-09-10 03:55:27.074,/managers/task/list,533
2021-09-10 03:55:27.659,/managers/task/show,532
2021-09-10 03:55:28.037,/master/welcome,222
2021-09-10 03:55:28.271,/master/welcome,222
2021-09-10 03:55:28.823,/master/sign-in,523
2021-09-10 03:55:29.743,/master/welcome,571
2021-09-10 03:55:30.385,/managers/task/list,540
2021-09-10 03:55:30.968,/managers/task/show,532
2021-09-10 03:55:31.345,/master/welcome,223
2021-09-10 03:55:31.578,/master/welcome,220
2021-09-10 03:55:32.138,/master/sign-in,525
2021-09-10 03:55:33.008,/master/welcome,529
2021-09-10 03:55:33.606,/managers/task/list,538
2021-09-10 03:55:34.215,/managers/task/show,529
2021-09-10 03:55:34.606,/master/welcome,229
2021-09-10 03:55:34.844,/master/welcome,229
2021-09-10 03:55:35.4,/master/sign-in,524
2021-09-10 03:55:36.272,/master/welcome,527
2021-09-10 03:55:36.875,/managers/task/list,538
2021-09-10 03:55:37.45,/managers/task/show,524
2021-09-10 03:55:37.836,/master/welcome,233
2021-09-10 03:55:38.099,/master/welcome,242
2021-09-10 03:55:38.661,/master/sign-in,529
2021-09-10 03:55:39.536,/master/welcome,527
2021-09-10 03:55:39.814,/managers/task/show,263
2021-09-10 03:55:40.063,/master/welcome,231
2021-09-10 03:55:40.308,/master/welcome,235
2021-09-10 03:55:40.872,/master/sign-in,533
2021-09-10 03:55:41.729,/master/welcome,529
2021-09-10 03:55:42.004,/managers/task/show,251
2021-09-10 03:55:42.231,/master/welcome,213
2021-09-10 03:55:42.48,/master/welcome,236
2021-09-10 03:55:43.054,/master/sign-in,535
2021-09-10 03:55:43.909,/master/welcome,524
2021-09-10 03:55:44.191,/managers/task/show,255
2021-09-10 03:55:44.428,/master/welcome,221
2021-09-10 03:55:44.662,/master/welcome,226
2021-09-10 03:55:45.236,/master/sign-in,537
2021-09-10 03:55:46.132,/master/welcome,540
2021-09-10 03:55:46.458,/managers/task/show,289
2021-09-10 03:55:49.904,/master/welcome,284
2021-09-10 03:55:50.14,/master/welcome,212
2021-09-10 03:55:50.702,/master/sign-in,526
2021-09-10 03:55:51.59,/master/welcome,540
2021-09-10 03:55:53.062,/master/welcome,355
2021-09-10 03:55:53.629,/master/welcome,531
2021-09-10 03:55:53.889,/master/welcome,227
2021-09-10 03:55:54.119,/master/welcome,219
2021-09-10 03:55:54.676,/master/sign-in,524
2021-09-10 03:55:55.555,/master/welcome,536
2021-09-10 03:55:56.274,/managers/task/list,543
2021-09-10 03:55:56.859,/managers/task/show,529
2021-09-10 03:55:58.92,/managers/task/list,528
2021-09-10 03:55:59.558,/managers/task/list,549
2021-09-10 03:56:01.452,/managers/task/show,528
2021-09-10 03:56:01.887,/master/welcome,250
2021-09-10 03:56:02.113,/master/welcome,218
2021-09-10 03:56:02.694,/master/sign-in,540
2021-09-10 03:56:03.592,/master/welcome,535
2021-09-10 03:56:04.189,/managers/task/list,533
2021-09-10 03:56:04.777,/managers/task/show,535
2021-09-10 03:56:06.876,/managers/task/list,524
2021-09-10 03:56:07.459,/managers/task/list,534
2021-09-10 03:56:09.277,/managers/task/show,539
2021-09-10 03:56:09.659,/master/welcome,230
2021-09-10 03:56:09.906,/master/welcome,235
2021-09-10 03:56:10.463,/master/sign-in,525
2021-09-10 03:56:11.396,/master/welcome,538
2021-09-10 03:56:12.008,/managers/task/list,539
2021-09-10 03:56:12.595,/managers/task/show,537
2021-09-10 03:56:14.656,/managers/task/list,538
2021-09-10 03:56:15.279,/managers/task/list,555
2021-09-10 03:56:17.597,/managers/task/show,530
2021-09-10 03:56:18.008,/master/welcome,234
2021-09-10 03:56:18.24,/master/welcome,222
2021-09-10 03:56:18.813,/master/sign-in,539
2021-09-10 03:56:19.723,/master/welcome,538
2021-09-10 03:56:20.348,/managers/task/list,535
2021-09-10 03:56:20.928,/managers/task/show,526
2021-09-10 03:56:23.049,/managers/task/list,541
2021-09-10 03:56:23.688,/managers/task/list,572
2021-09-10 03:56:26.432,/managers/task/show,534
2021-09-10 03:56:26.841,/master/welcome,224
2021-09-10 03:56:27.081,/master/welcome,230
2021-09-10 03:56:27.645,/master/sign-in,528
2021-09-10 03:56:28.534,/master/welcome,542
2021-09-10 03:56:29.127,/managers/task/list,531
2021-09-10 03:56:29.711,/managers/task/show,532
2021-09-10 03:56:32.001,/managers/task/list,527
2021-09-10 03:56:32.605,/managers/task/list,544
2021-09-10 03:56:35.305,/managers/task/show,529
2021-09-10 03:56:35.689,/master/welcome,229
2021-09-10 03:56:35.921,/master/welcome,220
2021-09-10 03:56:36.493,/master/sign-in,536
2021-09-10 03:56:37.384,/master/welcome,535
2021-09-10 03:56:37.999,/managers/task/list,546
2021-09-10 03:56:38.578,/managers/task/show,521
2021-09-10 03:56:40.591,/managers/task/list,527
2021-09-10 03:56:41.177,/managers/task/list,535
2021-09-10 03:56:43.056,/managers/task/show,536
2021-09-10 03:56:43.446,/master/welcome,239
2021-09-10 03:56:43.681,/master/welcome,228
2021-09-10 03:56:44.243,/master/sign-in,528
2021-09-10 03:56:45.119,/master/welcome,539
2021-09-10 03:56:45.731,/managers/task/list,548
2021-09-10 03:56:46.322,/managers/task/show,537
2021-09-10 03:56:48.344,/managers/task/list,530
2021-09-10 03:56:49.636,/managers/task/list,1086
2021-09-10 03:56:51.567,/managers/task/show,540
2021-09-10 03:56:51.942,/master/welcome,221
2021-09-10 03:56:52.174,/master/welcome,220
2021-09-10 03:56:52.739,/master/sign-in,530
2021-09-10 03:56:53.642,/master/welcome,541
2021-09-10 03:56:54.259,/managers/task/list,540
2021-09-10 03:56:54.848,/managers/task/show,536
2021-09-10 03:56:56.956,/managers/task/list,527
2021-09-10 03:56:57.587,/managers/task/list,565
2021-09-10 03:56:59.426,/managers/task/show,538
2021-09-10 03:56:59.861,/master/welcome,225
2021-09-10 03:57:00.093,/master/welcome,225
2021-09-10 03:57:00.677,/master/sign-in,542
2021-09-10 03:57:01.61,/master/welcome,532
2021-09-10 03:57:02.241,/managers/task/list,534
2021-09-10 03:57:02.82,/managers/task/show,529
2021-09-10 03:57:04.866,/managers/task/list,543
2021-09-10 03:57:05.52,/managers/task/list,542
2021-09-10 03:57:06.477,/managers/task/show,526
2021-09-10 03:57:06.861,/master/welcome,228
2021-09-10 03:57:07.082,/master/welcome,213
2021-09-10 03:57:07.642,/master/sign-in,524
2021-09-10 03:57:08.508,/master/welcome,532
2021-09-10 03:57:09.119,/managers/task/list,540
2021-09-10 03:57:09.749,/managers/task/show,544
2021-09-10 03:57:10.818,/managers/task/update,534
2021-09-10 03:57:11.057,/master/welcome,219
2021-09-10 03:57:11.294,/master/welcome,222
2021-09-10 03:57:11.854,/master/sign-in,530
2021-09-10 03:57:12.717,/master/welcome,531
2021-09-10 03:57:13.335,/managers/task/list,534
2021-09-10 03:57:13.935,/managers/task/show,542
2021-09-10 03:57:15.133,/managers/task/update,539
2021-09-10 03:57:15.382,/master/welcome,228
2021-09-10 03:57:15.615,/master/welcome,220
2021-09-10 03:57:16.172,/master/sign-in,522
2021-09-10 03:57:17.061,/master/welcome,528
2021-09-10 03:57:17.661,/managers/task/list,532
2021-09-10 03:57:18.242,/managers/task/show,529
2021-09-10 03:57:19.104,/managers/task/update,543
2021-09-10 03:57:19.358,/master/welcome,232
2021-09-10 03:57:19.58,/master/welcome,215
2021-09-10 03:57:20.144,/master/sign-in,532
2021-09-10 03:57:21.011,/master/welcome,532
2021-09-10 03:57:21.634,/managers/task/list,538
2021-09-10 03:57:22.218,/managers/task/show,524
2021-09-10 03:57:23.36,/managers/task/update,529
2021-09-10 03:57:23.599,/master/welcome,222
2021-09-10 03:57:23.843,/master/welcome,226
2021-09-10 03:57:24.412,/master/sign-in,537
2021-09-10 03:57:25.284,/master/welcome,526
2021-09-10 03:57:25.877,/managers/task/list,532
2021-09-10 03:57:26.497,/managers/task/show,550
2021-09-10 03:57:27.587,/managers/task/update,528
2021-09-10 03:57:27.833,/master/welcome,228
2021-09-10 03:57:28.064,/master/welcome,216
2021-09-10 03:57:28.629,/master/sign-in,532
2021-09-10 03:57:29.504,/master/welcome,538
2021-09-10 03:57:30.095,/managers/task/list,529
2021-09-10 03:57:30.678,/managers/task/show,527
2021-09-10 03:57:31.499,/managers/task/update,536
2021-09-10 03:57:31.758,/master/welcome,236
2021-09-10 03:57:31.993,/master/welcome,220
2021-09-10 03:57:32.558,/master/sign-in,531
2021-09-10 03:57:33.426,/master/welcome,523
2021-09-10 03:57:34.013,/managers/task/list,526
2021-09-10 03:57:34.6,/managers/task/show,533
2021-09-10 03:57:35.446,/managers/task/update,540
2021-09-10 03:57:35.693,/master/welcome,225
2021-09-10 03:57:35.924,/master/welcome,218
2021-09-10 03:57:36.485,/master/sign-in,532
2021-09-10 03:57:37.342,/master/welcome,526
2021-09-10 03:57:37.938,/managers/task/list,528
2021-09-10 03:57:38.514,/managers/task/show,526
2021-09-10 03:57:39.56,/managers/task/update,539
2021-09-10 03:57:39.814,/master/welcome,235
2021-09-10 03:57:40.044,/master/welcome,216
2021-09-10 03:57:40.613,/master/sign-in,538
2021-09-10 03:57:41.474,/master/welcome,525
2021-09-10 03:57:42.081,/managers/task/list,543
2021-09-10 03:57:42.671,/managers/task/show,539
2021-09-10 03:57:43.783,/managers/task/update,524
2021-09-10 03:57:44.05,/master/welcome,234
2021-09-10 03:57:44.29,/master/welcome,226
2021-09-10 03:57:44.854,/master/sign-in,534
2021-09-10 03:57:45.745,/master/welcome,540
2021-09-10 03:57:46.358,/managers/task/list,526
2021-09-10 03:57:46.95,/managers/task/show,528
2021-09-10 03:57:47.949,/managers/task/update,527
2021-09-10 03:57:48.241,/master/welcome,269
2021-09-10 03:57:48.468,/master/welcome,218
2021-09-10 03:57:49.027,/master/sign-in,525
2021-09-10 03:57:49.906,/master/welcome,543
2021-09-10 03:57:50.514,/managers/task/list,547
2021-09-10 03:57:51.095,/managers/task/show,529
2021-09-10 03:57:52.099,/managers/task/update,524
2021-09-10 03:57:52.448,/master/welcome,286
2021-09-10 03:57:52.682,/master/welcome,226
2021-09-10 03:57:53.259,/master/sign-in,537
2021-09-10 03:57:54.166,/master/welcome,537
2021-09-10 03:57:54.768,/managers/task/list,537
2021-09-10 03:57:55.348,/managers/task/show,528
2021-09-10 03:57:56.397,/managers/task/update,544
2021-09-10 03:57:56.718,/master/welcome,301
2021-09-10 03:57:56.96,/master/welcome,226
2021-09-10 03:57:57.525,/master/sign-in,532
2021-09-10 03:57:58.407,/master/welcome,531
2021-09-10 03:57:59.062,/managers/task/list,555
2021-09-10 03:57:59.652,/managers/task/show,528
2021-09-10 03:58:00.696,/managers/task/update,528
2021-09-10 03:58:00.981,/master/welcome,267
2021-09-10 03:58:01.213,/master/welcome,217
2021-09-10 03:58:01.781,/master/sign-in,533
2021-09-10 03:58:02.688,/master/welcome,545
2021-09-10 03:58:03.291,/managers/task/list,537
2021-09-10 03:58:03.876,/managers/task/show,530
2021-09-10 03:58:04.913,/managers/task/update,547
2021-09-10 03:58:05.209,/master/welcome,272
2021-09-10 03:58:05.445,/master/welcome,228
2021-09-10 03:58:06.007,/master/sign-in,529
2021-09-10 03:58:06.879,/master/welcome,528
2021-09-10 03:58:07.474,/managers/task/list,530
2021-09-10 03:58:08.063,/managers/task/show,534
2021-09-10 03:58:09.077,/managers/task/update,524
2021-09-10 03:58:09.377,/master/welcome,246
2021-09-10 03:58:09.649,/master/welcome,264
2021-09-10 03:58:10.219,/master/sign-in,533
2021-09-10 03:58:11.127,/master/welcome,548
2021-09-10 03:58:11.745,/managers/task/list,549
2021-09-10 03:58:12.326,/managers/task/show,526
2021-09-10 03:58:13.35,/managers/task/update,536
2021-09-10 03:58:16.243,/master/welcome,320
2021-09-10 03:58:16.477,/master/welcome,220
2021-09-10 03:58:17.037,/master/sign-in,526
2021-09-10 03:58:17.917,/master/welcome,535
2021-09-10 03:58:19.381,/master/welcome,354
2021-09-10 03:58:19.946,/master/welcome,527
2021-09-10 03:58:20.2,/master/welcome,228
2021-09-10 03:58:20.819,/anonymous/shout/list,563
2021-09-10 03:58:23.418,/master/welcome,264
2021-09-10 03:58:24.119,/anonymous/shout/list,552
2021-09-10 03:58:26.728,/master/welcome,246
2021-09-10 03:58:27.324,/anonymous/shout/list,540
2021-09-10 03:58:29.995,/master/welcome,253
2021-09-10 03:58:30.589,/anonymous/shout/list,541
2021-09-10 03:58:33.144,/master/welcome,234
2021-09-10 03:58:33.742,/anonymous/shout/list,546
2021-09-10 03:58:36.345,/master/welcome,223
2021-09-10 03:58:36.941,/anonymous/shout/list,546
2021-09-10 03:58:39.503,/master/welcome,231
2021-09-10 03:58:40.135,/anonymous/shout/list,576
2021-09-10 03:58:44.711,/master/welcome,334
2021-09-10 03:58:44.951,/master/welcome,231
2021-09-10 03:58:45.526,/master/sign-in,535
2021-09-10 03:58:46.414,/master/welcome,535
2021-09-10 03:58:47.879,/master/welcome,347
2021-09-10 03:58:48.485,/master/welcome,570
2021-09-10 03:58:48.751,/master/welcome,235
2021-09-10 03:58:49.337,/anonymous/shout/create,529
2021-09-10 03:58:50.349,/master/welcome,527
2021-09-10 03:58:51.466,/anonymous/shout/list,1065
2021-09-10 03:58:54.032,/master/welcome,264
2021-09-10 03:58:54.613,/anonymous/shout/create,526
2021-09-10 03:58:55.634,/master/welcome,539
2021-09-10 03:58:56.286,/anonymous/shout/list,597
2021-09-10 03:58:58.761,/master/welcome,255
2021-09-10 03:58:59.344,/anonymous/shout/create,533
2021-09-10 03:59:00.357,/master/welcome,530
2021-09-10 03:59:01.027,/anonymous/shout/list,597
2021-09-10 03:59:03.446,/master/welcome,227
2021-09-10 03:59:04.02,/anonymous/shout/create,521
2021-09-10 03:59:05.024,/master/welcome,533
2021-09-10 03:59:05.646,/anonymous/shout/list,567
2021-09-10 03:59:08.033,/master/welcome,226
2021-09-10 03:59:08.617,/anonymous/shout/create,524
2021-09-10 03:59:09.646,/master/welcome,529
2021-09-10 03:59:10.304,/anonymous/shout/list,601
2021-09-10 03:59:13.266,/master/welcome,328
2021-09-10 03:59:13.907,/anonymous/shout/create,534
2021-09-10 03:59:14.978,/master/welcome,535
2021-09-10 03:59:16.082,/anonymous/shout/list,1050
2021-09-10 03:59:19.113,/master/welcome,246
2021-09-10 03:59:19.697,/anonymous/shout/create,528
2021-09-10 03:59:20.734,/master/welcome,540
2021-09-10 03:59:21.825,/anonymous/shout/list,1037
2021-09-10 03:59:24.73,/master/welcome,236
2021-09-10 03:59:25.316,/anonymous/shout/create,535
2021-09-10 03:59:26.386,/master/welcome,536
2021-09-10 03:59:27.478,/anonymous/shout/list,1038
2021-09-10 03:59:30.442,/master/welcome,251
2021-09-10 03:59:31.025,/anonymous/shout/create,528
2021-09-10 03:59:32.084,/master/welcome,540
2021-09-10 03:59:33.171,/anonymous/shout/list,1037
2021-09-10 03:59:36.169,/master/welcome,260
2021-09-10 03:59:36.75,/anonymous/shout/create,525
2021-09-10 03:59:37.766,/master/welcome,529
2021-09-10 03:59:38.864,/anonymous/shout/list,1043
2021-09-10 03:59:41.762,/master/welcome,232
2021-09-10 03:59:42.367,/anonymous/shout/create,528
2021-09-10 03:59:43.429,/master/welcome,540
2021-09-10 03:59:44.867,/anonymous/shout/list,1053
2021-09-10 03:59:46.512,/master/welcome,253
2021-09-10 03:59:47.092,/anonymous/shout/create,532
2021-09-10 03:59:48.102,/master/welcome,523
2021-09-10 03:59:49.202,/anonymous/shout/list,1047
2021-09-10 03:59:51.226,/master/welcome,240
2021-09-10 03:59:51.798,/anonymous/shout/create,523
2021-09-10 03:59:52.799,/anonymous/shout/create,533
2021-09-10 03:59:53.046,/master/welcome,223
2021-09-10 03:59:53.635,/anonymous/shout/create,534
2021-09-10 03:59:54.66,/anonymous/shout/create,540
2021-09-10 03:59:54.913,/master/welcome,230
2021-09-10 03:59:55.511,/anonymous/shout/create,540
2021-09-10 03:59:56.569,/anonymous/shout/create,529
2021-09-10 03:59:56.854,/master/welcome,261
2021-09-10 03:59:57.48,/anonymous/shout/create,541
2021-09-10 03:59:58.502,/anonymous/shout/create,527
2021-09-10 03:59:58.753,/master/welcome,233
2021-09-10 03:59:59.336,/anonymous/shout/create,531
2021-09-10 04:00:00.352,/anonymous/shout/create,529
2021-09-10 04:00:00.616,/master/welcome,244
2021-09-10 04:00:01.253,/anonymous/shout/create,538
2021-09-10 04:00:02.28,/anonymous/shout/create,526
2021-09-10 04:00:02.518,/master/welcome,220
2021-09-10 04:00:03.101,/anonymous/shout/create,529
2021-09-10 04:00:04.103,/anonymous/shout/create,534
2021-09-10 04:00:04.353,/master/welcome,231
2021-09-10 04:00:04.94,/anonymous/shout/create,532
2021-09-10 04:00:06.067,/anonymous/shout/create,532
2021-09-10 04:00:06.309,/master/welcome,219
2021-09-10 04:00:06.897,/anonymous/shout/create,530
2021-09-10 04:00:07.908,/anonymous/shout/create,529
2021-09-10 04:00:08.154,/master/welcome,228
2021-09-10 04:00:08.733,/anonymous/shout/create,525
2021-09-10 04:00:09.729,/anonymous/shout/create,529
2021-09-10 04:00:09.979,/master/welcome,226
2021-09-10 04:00:10.555,/anonymous/shout/create,523
2021-09-10 04:00:11.609,/anonymous/shout/create,537
2021-09-10 04:00:11.849,/master/welcome,223
2021-09-10 04:00:12.435,/anonymous/shout/create,529
2021-09-10 04:00:13.434,/anonymous/shout/create,529
2021-09-10 04:00:13.705,/master/welcome,254
2021-09-10 04:00:14.287,/anonymous/shout/create,526
2021-09-10 04:00:15.396,/anonymous/shout/create,541
2021-09-10 04:00:15.653,/master/welcome,238
2021-09-10 04:00:16.233,/anonymous/shout/create,525
2021-09-10 04:00:17.308,/anonymous/shout/create,524
2021-09-10 04:00:17.565,/master/welcome,235
2021-09-10 04:00:18.21,/anonymous/shout/create,570
2021-09-10 04:00:18.942,/anonymous/shout/create,537
2021-09-10 04:00:22.117,/master/welcome,353
2021-09-10 04:00:22.434,/master/welcome,308
2021-09-10 04:00:23.007,/master/sign-in,534
2021-09-10 04:00:23.893,/master/welcome,535
2021-09-10 04:00:25.354,/master/welcome,343
2021-09-10 04:00:25.927,/master/welcome,534
2021-09-10 04:00:26.202,/master/welcome,224
2021-09-10 04:00:26.423,/master/welcome,212
2021-09-10 04:00:26.987,/master/sign-in,526
2021-09-10 04:00:27.874,/master/welcome,540
2021-09-10 04:00:28.465,/authenticated/manager/create,530
2021-09-10 04:00:29.09,/master/welcome,530
2021-09-10 04:00:29.674,/authenticated/manager/update,531
2021-09-10 04:00:30.054,/master/welcome,295
2021-09-10 04:00:30.625,/master/welcome,534
2021-09-10 04:00:30.886,/master/welcome,232
2021-09-10 04:00:31.112,/master/welcome,216
2021-09-10 04:00:31.666,/master/sign-in,523
2021-09-10 04:00:32.551,/master/welcome,547
2021-09-10 04:00:33.14,/authenticated/manager/create,522
2021-09-10 04:00:33.797,/authenticated/manager/create,530
2021-09-10 04:00:34.029,/master/welcome,213
2021-09-10 04:00:34.59,/master/welcome,528
2021-09-10 04:00:34.836,/master/welcome,225
2021-09-10 04:00:35.067,/master/welcome,222
2021-09-10 04:00:35.635,/master/sign-in,533
2021-09-10 04:00:36.559,/master/welcome,538
2021-09-10 04:00:37.147,/authenticated/manager/create,527
2021-09-10 04:00:37.757,/authenticated/manager/create,530
2021-09-10 04:00:38.052,/master/welcome,238
2021-09-10 04:00:38.643,/master/welcome,550
2021-09-10 04:00:38.896,/master/welcome,228
2021-09-10 04:00:39.128,/master/welcome,221
2021-09-10 04:00:39.684,/master/sign-in,528
2021-09-10 04:00:40.563,/master/welcome,533
2021-09-10 04:00:41.171,/authenticated/manager/create,540
2021-09-10 04:00:41.795,/authenticated/manager/create,539
2021-09-10 04:00:42.055,/master/welcome,232
2021-09-10 04:00:42.638,/master/welcome,532
2021-09-10 04:00:42.916,/master/welcome,256
2021-09-10 04:00:43.14,/master/welcome,217
2021-09-10 04:00:43.702,/master/sign-in,527
2021-09-10 04:00:44.578,/master/welcome,530
2021-09-10 04:00:45.166,/authenticated/manager/create,525
2021-09-10 04:00:45.88,/authenticated/manager/create,534
2021-09-10 04:00:46.114,/master/welcome,217
2021-09-10 04:00:46.688,/master/welcome,533
2021-09-10 04:00:47.035,/master/welcome,242
2021-09-10 04:00:47.261,/master/welcome,214
2021-09-10 04:00:47.833,/master/sign-in,538
2021-09-10 04:00:48.715,/master/welcome,534
2021-09-10 04:00:49.345,/authenticated/manager/create,540
2021-09-10 04:00:50.076,/authenticated/manager/create,535
2021-09-10 04:00:50.298,/master/welcome,205
2021-09-10 04:00:50.893,/master/welcome,564
2021-09-10 04:00:54.062,/master/welcome,329
2021-09-10 04:00:54.316,/master/welcome,238
2021-09-10 04:00:54.88,/master/sign-in,528
2021-09-10 04:00:55.768,/master/welcome,535
2021-09-10 04:00:57.265,/master/welcome,360
2021-09-10 04:00:57.855,/master/welcome,546
2021-09-10 04:00:58.123,/master/welcome,229
2021-09-10 04:00:58.352,/master/welcome,217
2021-09-10 04:00:58.92,/master/sign-in,532
2021-09-10 04:00:59.788,/master/welcome,533
2021-09-10 04:01:00.378,/authenticated/manager/update,524
2021-09-10 04:01:01.011,/master/welcome,531
2021-09-10 04:01:01.602,/authenticated/manager/update,539
2021-09-10 04:01:01.94,/master/welcome,264
2021-09-10 04:01:02.517,/master/welcome,532
2021-09-10 04:01:02.772,/master/welcome,225
2021-09-10 04:01:03.006,/master/welcome,222
2021-09-10 04:01:03.575,/master/sign-in,534
2021-09-10 04:01:04.44,/master/welcome,530
2021-09-10 04:01:05.034,/authenticated/manager/update,529
2021-09-10 04:01:05.648,/authenticated/manager/update,540
2021-09-10 04:01:05.937,/master/welcome,258
2021-09-10 04:01:06.496,/master/welcome,526
2021-09-10 04:01:06.738,/master/welcome,222
2021-09-10 04:01:06.978,/master/welcome,221
2021-09-10 04:01:07.54,/master/sign-in,527
2021-09-10 04:01:08.412,/master/welcome,526
2021-09-10 04:01:09.008,/authenticated/manager/update,534
2021-09-10 04:01:09.621,/authenticated/manager/update,528
2021-09-10 04:01:09.918,/master/welcome,271
2021-09-10 04:01:10.523,/master/welcome,541
2021-09-10 04:01:10.784,/master/welcome,229
2021-09-10 04:01:11.017,/master/welcome,226
2021-09-10 04:01:11.586,/master/sign-in,531
2021-09-10 04:01:12.462,/master/welcome,529
2021-09-10 04:01:13.054,/authenticated/manager/update,524
2021-09-10 04:01:13.679,/authenticated/manager/update,537
2021-09-10 04:01:13.939,/master/welcome,245
2021-09-10 04:01:14.546,/master/welcome,534
2021-09-10 04:01:14.812,/master/welcome,240
2021-09-10 04:01:15.049,/master/welcome,222
2021-09-10 04:01:15.617,/master/sign-in,535
2021-09-10 04:01:16.528,/master/welcome,551
2021-09-10 04:01:17.151,/authenticated/manager/update,535
2021-09-10 04:01:17.864,/authenticated/manager/update,524
2021-09-10 04:01:18.105,/master/welcome,229
2021-09-10 04:01:18.679,/master/welcome,536
2021-09-10 04:01:18.968,/master/welcome,238
2021-09-10 04:01:19.2,/master/welcome,224
2021-09-10 04:01:19.759,/master/sign-in,525
2021-09-10 04:01:20.637,/master/welcome,529
2021-09-10 04:01:21.267,/authenticated/manager/update,529
2021-09-10 04:01:21.987,/authenticated/manager/update,527
2021-09-10 04:01:22.234,/master/welcome,232
2021-09-10 04:01:22.803,/master/welcome,536
2021-09-10 04:01:25.839,/master/welcome,343
2021-09-10 04:01:26.103,/master/welcome,250
2021-09-10 04:01:26.671,/master/sign-in,532
2021-09-10 04:01:27.556,/master/welcome,537
2021-09-10 04:01:29.02,/master/welcome,347
2021-09-10 04:01:29.586,/master/welcome,526
2021-09-10 04:01:29.84,/master/welcome,227
2021-09-10 04:01:30.425,/anonymous/task/list,533
2021-09-10 04:01:31.997,/master/welcome,307
2021-09-10 04:01:32.583,/anonymous/task/list,529
2021-09-10 04:01:34.153,/master/welcome,234
2021-09-10 04:01:34.741,/anonymous/task/list,528
2021-09-10 04:01:39.1,/master/welcome,317
2021-09-10 04:01:39.35,/master/welcome,237
2021-09-10 04:01:39.905,/master/sign-in,525
2021-09-10 04:01:40.785,/master/welcome,530
2021-09-10 04:01:42.154,/master/welcome,253
2021-09-10 04:01:42.721,/master/welcome,532
2021-09-10 04:01:43.067,/master/welcome,320
2021-09-10 04:01:43.65,/anonymous/task/list,526
2021-09-10 04:01:44.241,/anonymous/task/show,540
2021-09-10 04:01:44.599,/master/welcome,223
2021-09-10 04:01:45.184,/anonymous/task/list,529
2021-09-10 04:01:45.794,/anonymous/task/show,533
2021-09-10 04:01:46.331,/master/welcome,412
2021-09-10 04:01:47.019,/anonymous/task/list,579
2021-09-10 04:01:47.64,/anonymous/task/show,531
2021-09-10 04:01:47.998,/master/welcome,225
2021-09-10 04:01:48.268,/anonymous/task/show,261
2021-09-10 04:01:48.506,/master/welcome,223
2021-09-10 04:01:48.772,/anonymous/task/show,254
2021-09-10 04:01:49.016,/master/welcome,222
2021-09-10 04:01:49.274,/anonymous/task/show,249
2021-09-10 04:01:49.514,/master/welcome,218
2021-09-10 04:01:49.772,/anonymous/task/show,251
2021-09-10 04:01:50.016,/master/welcome,219
2021-09-10 04:01:50.284,/anonymous/task/show,260
2021-09-10 04:01:50.536,/master/welcome,228
2021-09-10 04:01:50.824,/anonymous/task/show,275
2021-09-10 04:01:51.122,/master/welcome,255
2021-09-10 04:01:51.405,/anonymous/task/show,273
2021-09-10 04:01:51.64,/master/welcome,218
2021-09-10 04:01:51.908,/anonymous/task/show,255
2021-09-10 04:01:52.164,/master/welcome,235
2021-09-10 04:01:52.436,/anonymous/task/show,263
2021-09-10 04:01:52.671,/master/welcome,221
2021-09-10 04:01:52.937,/anonymous/task/show,257
2021-09-10 04:01:53.171,/master/welcome,218
2021-09-10 04:01:53.44,/anonymous/task/show,258
2021-09-10 04:01:53.69,/master/welcome,232
2021-09-10 04:01:53.949,/anonymous/task/show,244
2021-09-10 04:01:57.115,/master/welcome,332
2021-09-10 04:01:57.367,/master/welcome,236
2021-09-10 04:01:57.929,/master/sign-in,529
2021-09-10 04:01:58.808,/master/welcome,531
2021-09-10 04:02:00.29,/master/welcome,363
2021-09-10 04:02:00.857,/master/welcome,527
2021-09-10 04:02:01.138,/master/welcome,243
2021-09-10 04:02:01.365,/master/welcome,217
2021-09-10 04:02:01.937,/anonymous/user-account/create,537
2021-09-10 04:02:02.97,/master/welcome,542
2021-09-10 04:02:03.253,/master/welcome,266
2021-09-10 04:02:03.822,/master/sign-in,533
2021-09-10 04:02:04.723,/master/welcome,529
2021-09-10 04:02:04.967,/master/welcome,221
2021-09-10 04:02:05.571,/master/welcome,565
2021-09-10 04:02:05.853,/master/welcome,252
2021-09-10 04:02:06.081,/master/welcome,219
2021-09-10 04:02:06.641,/anonymous/user-account/create,528
2021-09-10 04:02:07.667,/master/welcome,526
2021-09-10 04:02:07.9,/master/welcome,218
2021-09-10 04:02:08.511,/master/sign-in,578
2021-09-10 04:02:09.417,/master/welcome,534
2021-09-10 04:02:09.651,/master/welcome,215
2021-09-10 04:02:10.221,/master/welcome,535
2021-09-10 04:02:10.466,/master/welcome,219
2021-09-10 04:02:10.696,/master/welcome,216
2021-09-10 04:02:11.262,/anonymous/user-account/create,532
2021-09-10 04:02:12.259,/master/welcome,537
2021-09-10 04:02:12.508,/master/welcome,217
2021-09-10 04:02:13.123,/master/sign-in,551
2021-09-10 04:02:14.056,/master/welcome,544
2021-09-10 04:02:14.29,/master/welcome,215
2021-09-10 04:02:14.863,/master/welcome,535
2021-09-10 04:02:15.123,/master/welcome,239
2021-09-10 04:02:15.363,/master/welcome,225
2021-09-10 04:02:15.933,/anonymous/user-account/create,537
2021-09-10 04:02:16.939,/master/welcome,525
2021-09-10 04:02:17.184,/master/welcome,221
2021-09-10 04:02:17.76,/master/sign-in,526
2021-09-10 04:02:18.662,/master/welcome,541
2021-09-10 04:02:18.907,/master/welcome,223
2021-09-10 04:02:19.474,/master/welcome,530
2021-09-10 04:02:19.741,/master/welcome,246
2021-09-10 04:02:19.965,/master/welcome,212
2021-09-10 04:02:20.528,/anonymous/user-account/create,531
2021-09-10 04:02:21.543,/master/welcome,528
2021-09-10 04:02:21.826,/master/welcome,216
2021-09-10 04:02:22.413,/master/sign-in,533
2021-09-10 04:02:23.27,/master/welcome,523
2021-09-10 04:02:23.506,/master/welcome,217
2021-09-10 04:02:24.073,/master/welcome,531
2021-09-10 04:02:24.318,/master/welcome,226
2021-09-10 04:02:24.551,/master/welcome,226
2021-09-10 04:02:25.112,/anonymous/user-account/create,528
2021-09-10 04:02:26.155,/master/welcome,553
2021-09-10 04:02:26.398,/master/welcome,220
2021-09-10 04:02:26.966,/master/sign-in,534
2021-09-10 04:02:27.858,/master/welcome,549
2021-09-10 04:02:28.105,/master/welcome,228
2021-09-10 04:02:28.674,/master/welcome,531
2021-09-10 04:02:28.925,/master/welcome,226
2021-09-10 04:02:29.148,/master/welcome,210
2021-09-10 04:02:29.74,/anonymous/user-account/create,556
2021-09-10 04:02:30.848,/master/welcome,530
2021-09-10 04:02:31.091,/master/welcome,227
2021-09-10 04:02:31.669,/master/sign-in,538
2021-09-10 04:02:32.54,/master/welcome,540
2021-09-10 04:02:32.807,/master/welcome,248
2021-09-10 04:02:33.381,/master/welcome,537
2021-09-10 04:02:33.649,/master/welcome,245
2021-09-10 04:02:33.874,/master/welcome,218
2021-09-10 04:02:34.465,/anonymous/user-account/create,531
2021-09-10 04:02:35.625,/master/welcome,534
2021-09-10 04:02:35.866,/master/welcome,222
2021-09-10 04:02:36.438,/master/sign-in,538
2021-09-10 04:02:37.306,/master/welcome,532
2021-09-10 04:02:37.541,/master/welcome,219
2021-09-10 04:02:38.115,/master/welcome,533
2021-09-10 04:02:38.372,/master/welcome,237
2021-09-10 04:02:38.639,/master/welcome,233
2021-09-10 04:02:39.208,/anonymous/user-account/create,532
2021-09-10 04:02:40.206,/master/welcome,529
2021-09-10 04:02:40.456,/master/welcome,220
2021-09-10 04:02:41.022,/master/sign-in,532
2021-09-10 04:02:41.9,/master/welcome,540
2021-09-10 04:02:42.193,/master/welcome,263
2021-09-10 04:02:42.773,/master/welcome,545
2021-09-10 04:02:43.048,/master/welcome,248
2021-09-10 04:02:43.272,/master/welcome,215
2021-09-10 04:02:43.841,/anonymous/user-account/create,529
2021-09-10 04:02:44.891,/master/welcome,530
2021-09-10 04:02:45.122,/master/welcome,216
2021-09-10 04:02:45.686,/master/sign-in,528
2021-09-10 04:02:46.555,/master/welcome,533
2021-09-10 04:02:46.798,/master/welcome,220
2021-09-10 04:02:47.365,/master/welcome,532
2021-09-10 04:02:47.622,/master/welcome,229
2021-09-10 04:02:47.853,/master/welcome,223
2021-09-10 04:02:48.421,/anonymous/user-account/create,536
2021-09-10 04:02:49.482,/master/welcome,535
2021-09-10 04:02:49.717,/master/welcome,220
2021-09-10 04:02:50.274,/master/sign-in,526
2021-09-10 04:02:51.195,/master/welcome,587
2021-09-10 04:02:51.459,/master/welcome,223
2021-09-10 04:02:52.041,/master/welcome,535
2021-09-10 04:02:52.303,/master/welcome,243
2021-09-10 04:02:52.526,/master/welcome,216
2021-09-10 04:02:53.095,/anonymous/user-account/create,535
2021-09-10 04:02:54.117,/master/welcome,535
2021-09-10 04:02:54.356,/master/welcome,224
2021-09-10 04:02:54.931,/master/sign-in,538
2021-09-10 04:02:56.078,/master/welcome,605
2021-09-10 04:02:56.5,/master/welcome,287
2021-09-10 04:02:57.072,/master/welcome,530
2021-09-10 04:02:57.417,/master/welcome,308
2021-09-10 04:02:57.683,/master/welcome,253
2021-09-10 04:02:58.238,/anonymous/user-account/create,525
2021-09-10 04:02:59.245,/anonymous/user-account/create,539
2021-09-10 04:02:59.498,/master/welcome,228
2021-09-10 04:02:59.734,/master/welcome,225
2021-09-10 04:03:00.304,/anonymous/user-account/create,539
2021-09-10 04:03:01.38,/anonymous/user-account/create,527
2021-09-10 04:03:01.623,/master/welcome,225
2021-09-10 04:03:01.857,/master/welcome,226
2021-09-10 04:03:02.421,/anonymous/user-account/create,527
2021-09-10 04:03:03.464,/anonymous/user-account/create,544
2021-09-10 04:03:03.72,/master/welcome,239
2021-09-10 04:03:03.948,/master/welcome,218
2021-09-10 04:03:04.506,/anonymous/user-account/create,527
2021-09-10 04:03:05.654,/anonymous/user-account/create,538
2021-09-10 04:03:05.935,/master/welcome,255
2021-09-10 04:03:06.173,/master/welcome,232
2021-09-10 04:03:06.74,/anonymous/user-account/create,533
2021-09-10 04:03:07.764,/anonymous/user-account/create,533
2021-09-10 04:03:08.037,/master/welcome,246
2021-09-10 04:03:08.259,/master/welcome,214
2021-09-10 04:03:08.852,/anonymous/user-account/create,554
2021-09-10 04:03:09.885,/anonymous/user-account/create,539
2021-09-10 04:03:10.126,/master/welcome,224
2021-09-10 04:03:10.369,/master/welcome,226
2021-09-10 04:03:10.943,/anonymous/user-account/create,538
2021-09-10 04:03:11.947,/anonymous/user-account/create,531
2021-09-10 04:03:12.216,/master/welcome,236
2021-09-10 04:03:12.443,/master/welcome,218
2021-09-10 04:03:13.008,/anonymous/user-account/create,531
2021-09-10 04:03:14.128,/anonymous/user-account/create,528
2021-09-10 04:03:14.389,/master/welcome,242
2021-09-10 04:03:14.621,/master/welcome,225
2021-09-10 04:03:15.189,/anonymous/user-account/create,535
2021-09-10 04:03:16.138,/anonymous/user-account/create,528
2021-09-10 04:03:19.237,/master/welcome,327
2021-09-10 04:03:19.472,/master/welcome,226
2021-09-10 04:03:20.04,/master/sign-in,529
2021-09-10 04:03:20.919,/master/welcome,530
2021-09-10 04:03:22.401,/master/welcome,361
2021-09-10 04:03:22.996,/master/welcome,544
2021-09-10 04:03:23.26,/master/welcome,225
2021-09-10 04:03:23.49,/master/welcome,218
2021-09-10 04:03:24.057,/master/sign-in,535
2021-09-10 04:03:24.94,/master/welcome,538
2021-09-10 04:03:25.544,/administrator/spam-configuration/show,531
2021-09-10 04:03:25.852,/master/welcome,256
2021-09-10 04:03:26.462,/master/welcome,572
2021-09-10 04:03:26.816,/master/welcome,278
2021-09-10 04:03:27.075,/master/welcome,231
2021-09-10 04:03:27.649,/master/sign-in,524
2021-09-10 04:03:28.532,/master/welcome,531
2021-09-10 04:03:28.807,/administrator/spam-word/show,246
2021-09-10 04:03:29.052,/master/welcome,226
2021-09-10 04:03:29.614,/master/welcome,529
2021-09-10 04:03:29.904,/master/welcome,267
2021-09-10 04:03:30.137,/master/welcome,226
2021-09-10 04:03:30.7,/master/sign-in,532
2021-09-10 04:03:31.631,/master/welcome,525
2021-09-10 04:03:31.904,/administrator/spam-word/show,248
2021-09-10 04:03:32.151,/master/welcome,234
2021-09-10 04:03:32.726,/master/welcome,535
2021-09-10 04:03:35.891,/master/welcome,299
2021-09-10 04:03:36.125,/master/welcome,225
2021-09-10 04:03:36.692,/master/sign-in,529
2021-09-10 04:03:37.575,/master/welcome,537
2021-09-10 04:03:39.037,/master/welcome,346
2021-09-10 04:03:39.607,/master/welcome,531
2021-09-10 04:03:39.862,/master/welcome,229
2021-09-10 04:03:40.094,/master/welcome,220
2021-09-10 04:03:40.662,/master/sign-in,535
2021-09-10 04:03:41.548,/master/welcome,530
2021-09-10 04:03:42.155,/administrator/spam-configuration/show,525
2021-09-10 04:03:42.778,/master/welcome,534
2021-09-10 04:03:43.367,/administrator/spam-configuration/show,533
2021-09-10 04:03:43.718,/master/welcome,263
2021-09-10 04:03:44.305,/master/welcome,556
2021-09-10 04:03:44.552,/master/welcome,222
2021-09-10 04:03:44.783,/master/welcome,217
2021-09-10 04:03:45.34,/master/sign-in,527
2021-09-10 04:03:46.223,/master/welcome,536
2021-09-10 04:03:46.813,/administrator/spam-configuration/show,527
2021-09-10 04:03:47.984,/master/welcome,1061
2021-09-10 04:03:48.563,/administrator/spam-configuration/show,527
2021-09-10 04:03:48.867,/master/welcome,252
2021-09-10 04:03:49.428,/master/welcome,529
2021-09-10 04:03:49.674,/master/welcome,227
2021-09-10 04:03:49.92,/master/welcome,239
2021-09-10 04:03:50.484,/master/sign-in,534
2021-09-10 04:03:51.355,/master/welcome,533
2021-09-10 04:03:51.99,/administrator/spam-configuration/show,550
2021-09-10 04:03:52.632,/master/welcome,539
2021-09-10 04:03:53.214,/administrator/spam-configuration/show,530
2021-09-10 04:03:53.516,/master/welcome,251
2021-09-10 04:03:54.071,/master/welcome,526
2021-09-10 04:03:54.327,/master/welcome,235
2021-09-10 04:03:54.557,/master/welcome,222
2021-09-10 04:03:55.117,/master/sign-in,527
2021-09-10 04:03:55.991,/master/welcome,534
2021-09-10 04:03:56.698,/administrator/spam-configuration/show,526
2021-09-10 04:03:57.339,/master/welcome,540
2021-09-10 04:03:57.919,/administrator/spam-configuration/show,529
2021-09-10 04:03:58.223,/master/welcome,255
2021-09-10 04:03:58.789,/master/welcome,524
2021-09-10 04:03:59.023,/master/welcome,214
2021-09-10 04:03:59.261,/master/welcome,229
2021-09-10 04:03:59.826,/master/sign-in,531
2021-09-10 04:04:00.756,/master/welcome,578
2021-09-10 04:04:01.35,/administrator/spam-configuration/show,528
2021-09-10 04:04:01.977,/master/welcome,529
2021-09-10 04:04:02.551,/administrator/spam-configuration/show,523
2021-09-10 04:04:02.86,/master/welcome,253
2021-09-10 04:04:03.419,/master/welcome,524
2021-09-10 04:04:03.66,/master/welcome,220
2021-09-10 04:04:03.89,/master/welcome,219
2021-09-10 04:04:04.467,/master/sign-in,544
2021-09-10 04:04:05.442,/master/welcome,535
2021-09-10 04:04:06.038,/administrator/spam-configuration/show,533
2021-09-10 04:04:06.658,/master/welcome,529
2021-09-10 04:04:07.237,/administrator/spam-configuration/show,527
2021-09-10 04:04:07.559,/master/welcome,272
2021-09-10 04:04:08.12,/master/welcome,526
2021-09-10 04:04:08.375,/master/welcome,226
2021-09-10 04:04:08.627,/master/welcome,239
2021-09-10 04:04:09.213,/master/sign-in,529
2021-09-10 04:04:10.079,/master/welcome,532
2021-09-10 04:04:10.672,/administrator/spam-configuration/show,529
2021-09-10 04:04:11.302,/administrator/spam-configuration/update,537
2021-09-10 04:04:11.62,/master/welcome,293
2021-09-10 04:04:12.185,/master/welcome,534
2021-09-10 04:04:12.439,/master/welcome,233
2021-09-10 04:04:12.661,/master/welcome,215
2021-09-10 04:04:13.321,/master/sign-in,537
2021-09-10 04:04:14.21,/master/welcome,529
2021-09-10 04:04:14.807,/administrator/spam-configuration/show,531
2021-09-10 04:04:15.427,/administrator/spam-configuration/update,537
2021-09-10 04:04:15.692,/master/welcome,252
2021-09-10 04:04:16.261,/master/welcome,533
2021-09-10 04:04:16.519,/master/welcome,233
2021-09-10 04:04:16.746,/master/welcome,219
2021-09-10 04:04:17.339,/master/sign-in,534
2021-09-10 04:04:18.323,/master/welcome,530
2021-09-10 04:04:18.912,/administrator/spam-configuration/show,525
2021-09-10 04:04:19.528,/administrator/spam-configuration/update,532
2021-09-10 04:04:19.803,/master/welcome,257
2021-09-10 04:04:20.377,/master/welcome,540
2021-09-10 04:04:20.635,/master/welcome,231
2021-09-10 04:04:20.89,/master/welcome,241
2021-09-10 04:04:21.449,/master/sign-in,526
2021-09-10 04:04:22.422,/master/welcome,539
2021-09-10 04:04:23.008,/administrator/spam-configuration/show,525
2021-09-10 04:04:23.635,/administrator/spam-configuration/update,531
2021-09-10 04:04:23.91,/master/welcome,263
2021-09-10 04:04:24.468,/master/welcome,523
2021-09-10 04:04:24.727,/master/welcome,238
2021-09-10 04:04:24.967,/master/welcome,225
2021-09-10 04:04:25.561,/master/sign-in,539
2021-09-10 04:04:26.467,/master/welcome,522
2021-09-10 04:04:27.058,/administrator/spam-configuration/show,530
2021-09-10 04:04:27.684,/administrator/spam-configuration/update,535
2021-09-10 04:04:27.961,/master/welcome,260
2021-09-10 04:04:28.533,/master/welcome,537
